/flute/kbTy_5o6AB4.wav, /cello/-Gdh8N_KpLY.wav
/flute/3-zT9mN8Lio.wav, /acoustic_guitar/Pzf9MQKkoNM.wav
/acoustic_guitar/S2IWw6z-cfc.wav, /violin/K1LRscO7TSw.wav
/accordion/t_3Zm1PbydA.wav, /flute/kbTy_5o6AB4.wav
/accordion/QaOUijKCqZU.wav, /violin/K1LRscO7TSw.wav
/xylophone/5lm9laLSORc.wav, /flute/3-zT9mN8Lio.wav
/erhu/2D2ALfuqDpk.wav, /xylophone/5lm9laLSORc.wav
/violin/yXKJiqOuvkA.wav, /xylophone/5lm9laLSORc.wav
/erhu/TWrh_c9YRp8.wav, /cello/2ARPm0djKIk.wav
/tuba/4lVuJEIaXgo.wav, /xylophone/5lm9laLSORc.wav
/violin/6uqTP6obYNM.wav, /acoustic_guitar/S2IWw6z-cfc.wav
/tuba/VA1EolcDwZI.wav, /violin/X2hHGcwLPhs.wav
/saxophone/5_NsbkyLO2Q.wav, /tuba/VA1EolcDwZI.wav
/cello/2ARPm0djKIk.wav, /accordion/t_3Zm1PbydA.wav
/cello/-Gdh8N_KpLY.wav, /erhu/2D2ALfuqDpk.wav
/violin/85KcVDCQLfc.wav, /clarinet/GKwO7cy2JIA.wav
/violin/K1LRscO7TSw.wav, /flute/kbTy_5o6AB4.wav
/clarinet/GKwO7cy2JIA.wav, /flute/kbTy_5o6AB4.wav
/clarinet/WnUAJsk97k4.wav, /erhu/2D2ALfuqDpk.wav
/trumpet/I2QXo4mGeRE.wav, /violin/yXKJiqOuvkA.wav
/trumpet/eCQO6k5Qrmg.wav, /clarinet/GKwO7cy2JIA.wav
/clarinet/EXKxvMVayRk.wav, /flute/3-zT9mN8Lio.wav
/erhu/0VyVd_QUCl8.wav, /xylophone/5lm9laLSORc.wav
/acoustic_guitar/Pzf9MQKkoNM.wav, /clarinet/GKwO7cy2JIA.wav
/violin/X2hHGcwLPhs.wav, /erhu/0VyVd_QUCl8.wav
/flute/kbTy_5o6AB4.wav, /erhu/TWrh_c9YRp8.wav
/flute/3-zT9mN8Lio.wav, /accordion/QaOUijKCqZU.wav
/acoustic_guitar/S2IWw6z-cfc.wav, /erhu/2D2ALfuqDpk.wav
/accordion/t_3Zm1PbydA.wav, /trumpet/eCQO6k5Qrmg.wav
/accordion/QaOUijKCqZU.wav, /acoustic_guitar/Pzf9MQKkoNM.wav
/xylophone/5lm9laLSORc.wav, /flute/kbTy_5o6AB4.wav
/erhu/2D2ALfuqDpk.wav, /violin/yXKJiqOuvkA.wav
/violin/yXKJiqOuvkA.wav, /saxophone/5_NsbkyLO2Q.wav
/erhu/TWrh_c9YRp8.wav, /clarinet/WnUAJsk97k4.wav
/tuba/4lVuJEIaXgo.wav, /violin/6uqTP6obYNM.wav
/violin/6uqTP6obYNM.wav, /trumpet/eCQO6k5Qrmg.wav
/tuba/VA1EolcDwZI.wav, /cello/2ARPm0djKIk.wav
/saxophone/5_NsbkyLO2Q.wav, /violin/yXKJiqOuvkA.wav
/cello/2ARPm0djKIk.wav, /xylophone/5lm9laLSORc.wav
/cello/-Gdh8N_KpLY.wav, /violin/yXKJiqOuvkA.wav
/violin/85KcVDCQLfc.wav, /acoustic_guitar/S2IWw6z-cfc.wav
/violin/K1LRscO7TSw.wav, /erhu/TWrh_c9YRp8.wav
/clarinet/GKwO7cy2JIA.wav, /xylophone/5lm9laLSORc.wav
/clarinet/WnUAJsk97k4.wav, /tuba/VA1EolcDwZI.wav
/trumpet/I2QXo4mGeRE.wav, /accordion/t_3Zm1PbydA.wav
/trumpet/eCQO6k5Qrmg.wav, /erhu/0VyVd_QUCl8.wav
/clarinet/EXKxvMVayRk.wav, /accordion/t_3Zm1PbydA.wav
/erhu/0VyVd_QUCl8.wav, /tuba/VA1EolcDwZI.wav
/acoustic_guitar/Pzf9MQKkoNM.wav, /flute/kbTy_5o6AB4.wav
/violin/X2hHGcwLPhs.wav, /acoustic_guitar/Pzf9MQKkoNM.wav
/flute/kbTy_5o6AB4.wav, /cello/2ARPm0djKIk.wav
/flute/3-zT9mN8Lio.wav, /acoustic_guitar/S2IWw6z-cfc.wav
/acoustic_guitar/S2IWw6z-cfc.wav, /clarinet/GKwO7cy2JIA.wav
/accordion/t_3Zm1PbydA.wav, /erhu/2D2ALfuqDpk.wav
/accordion/QaOUijKCqZU.wav, /tuba/VA1EolcDwZI.wav
/xylophone/5lm9laLSORc.wav, /tuba/4lVuJEIaXgo.wav
/erhu/2D2ALfuqDpk.wav, /xylophone/5lm9laLSORc.wav
/violin/yXKJiqOuvkA.wav, /clarinet/GKwO7cy2JIA.wav
/erhu/TWrh_c9YRp8.wav, /clarinet/EXKxvMVayRk.wav
/tuba/4lVuJEIaXgo.wav, /violin/yXKJiqOuvkA.wav
/violin/6uqTP6obYNM.wav, /clarinet/GKwO7cy2JIA.wav
/tuba/VA1EolcDwZI.wav, /acoustic_guitar/S2IWw6z-cfc.wav
/saxophone/5_NsbkyLO2Q.wav, /acoustic_guitar/Pzf9MQKkoNM.wav
/cello/2ARPm0djKIk.wav, /violin/X2hHGcwLPhs.wav
/cello/-Gdh8N_KpLY.wav, /acoustic_guitar/S2IWw6z-cfc.wav
/violin/85KcVDCQLfc.wav, /clarinet/GKwO7cy2JIA.wav
/violin/K1LRscO7TSw.wav, /erhu/2D2ALfuqDpk.wav
/clarinet/GKwO7cy2JIA.wav, /erhu/TWrh_c9YRp8.wav
/clarinet/WnUAJsk97k4.wav, /accordion/t_3Zm1PbydA.wav
/trumpet/I2QXo4mGeRE.wav, /clarinet/EXKxvMVayRk.wav
/trumpet/eCQO6k5Qrmg.wav, /violin/6uqTP6obYNM.wav
/clarinet/EXKxvMVayRk.wav, /flute/3-zT9mN8Lio.wav
/erhu/0VyVd_QUCl8.wav, /violin/yXKJiqOuvkA.wav
/acoustic_guitar/Pzf9MQKkoNM.wav, /clarinet/GKwO7cy2JIA.wav
/violin/X2hHGcwLPhs.wav, /trumpet/I2QXo4mGeRE.wav
/flute/kbTy_5o6AB4.wav, /cello/-Gdh8N_KpLY.wav
/flute/3-zT9mN8Lio.wav, /erhu/TWrh_c9YRp8.wav
/acoustic_guitar/S2IWw6z-cfc.wav, /flute/kbTy_5o6AB4.wav
/accordion/t_3Zm1PbydA.wav, /trumpet/eCQO6k5Qrmg.wav
/accordion/QaOUijKCqZU.wav, /tuba/VA1EolcDwZI.wav
/xylophone/5lm9laLSORc.wav, /violin/X2hHGcwLPhs.wav
/erhu/2D2ALfuqDpk.wav, /xylophone/5lm9laLSORc.wav
/violin/yXKJiqOuvkA.wav, /erhu/0VyVd_QUCl8.wav
/erhu/TWrh_c9YRp8.wav, /trumpet/I2QXo4mGeRE.wav
/tuba/4lVuJEIaXgo.wav, /erhu/0VyVd_QUCl8.wav
/violin/6uqTP6obYNM.wav, /erhu/TWrh_c9YRp8.wav
/tuba/VA1EolcDwZI.wav, /cello/-Gdh8N_KpLY.wav
/saxophone/5_NsbkyLO2Q.wav, /trumpet/eCQO6k5Qrmg.wav
/cello/2ARPm0djKIk.wav, /acoustic_guitar/Pzf9MQKkoNM.wav
/cello/-Gdh8N_KpLY.wav, /trumpet/eCQO6k5Qrmg.wav
/violin/85KcVDCQLfc.wav, /accordion/t_3Zm1PbydA.wav
/violin/K1LRscO7TSw.wav, /trumpet/I2QXo4mGeRE.wav
/clarinet/GKwO7cy2JIA.wav, /flute/kbTy_5o6AB4.wav
/clarinet/WnUAJsk97k4.wav, /accordion/QaOUijKCqZU.wav
/trumpet/I2QXo4mGeRE.wav, /violin/6uqTP6obYNM.wav
/trumpet/eCQO6k5Qrmg.wav, /clarinet/WnUAJsk97k4.wav
/clarinet/EXKxvMVayRk.wav, /accordion/QaOUijKCqZU.wav
/erhu/0VyVd_QUCl8.wav, /accordion/t_3Zm1PbydA.wav
/acoustic_guitar/Pzf9MQKkoNM.wav, /flute/3-zT9mN8Lio.wav
/violin/X2hHGcwLPhs.wav, /acoustic_guitar/Pzf9MQKkoNM.wav
/flute/kbTy_5o6AB4.wav, /clarinet/WnUAJsk97k4.wav
/flute/3-zT9mN8Lio.wav, /clarinet/GKwO7cy2JIA.wav
/acoustic_guitar/S2IWw6z-cfc.wav, /tuba/4lVuJEIaXgo.wav
/accordion/t_3Zm1PbydA.wav, /violin/6uqTP6obYNM.wav
/accordion/QaOUijKCqZU.wav, /cello/-Gdh8N_KpLY.wav
/xylophone/5lm9laLSORc.wav, /erhu/2D2ALfuqDpk.wav
/erhu/2D2ALfuqDpk.wav, /accordion/t_3Zm1PbydA.wav
/violin/yXKJiqOuvkA.wav, /erhu/0VyVd_QUCl8.wav
/erhu/TWrh_c9YRp8.wav, /tuba/4lVuJEIaXgo.wav
/tuba/4lVuJEIaXgo.wav, /erhu/TWrh_c9YRp8.wav
/violin/6uqTP6obYNM.wav, /flute/kbTy_5o6AB4.wav
/tuba/VA1EolcDwZI.wav, /trumpet/I2QXo4mGeRE.wav
/saxophone/5_NsbkyLO2Q.wav, /erhu/2D2ALfuqDpk.wav
/cello/2ARPm0djKIk.wav, /trumpet/I2QXo4mGeRE.wav
/cello/-Gdh8N_KpLY.wav, /accordion/QaOUijKCqZU.wav
/violin/85KcVDCQLfc.wav, /cello/-Gdh8N_KpLY.wav
/violin/K1LRscO7TSw.wav, /tuba/VA1EolcDwZI.wav
/clarinet/GKwO7cy2JIA.wav, /flute/kbTy_5o6AB4.wav
/clarinet/WnUAJsk97k4.wav, /cello/2ARPm0djKIk.wav
/trumpet/I2QXo4mGeRE.wav, /acoustic_guitar/S2IWw6z-cfc.wav
/trumpet/eCQO6k5Qrmg.wav, /cello/-Gdh8N_KpLY.wav
/clarinet/EXKxvMVayRk.wav, /erhu/TWrh_c9YRp8.wav
/erhu/0VyVd_QUCl8.wav, /violin/X2hHGcwLPhs.wav
/acoustic_guitar/Pzf9MQKkoNM.wav, /tuba/4lVuJEIaXgo.wav
/violin/X2hHGcwLPhs.wav, /tuba/VA1EolcDwZI.wav
/flute/kbTy_5o6AB4.wav, /erhu/0VyVd_QUCl8.wav
/flute/3-zT9mN8Lio.wav, /xylophone/5lm9laLSORc.wav
/acoustic_guitar/S2IWw6z-cfc.wav, /tuba/VA1EolcDwZI.wav
/accordion/t_3Zm1PbydA.wav, /cello/2ARPm0djKIk.wav
/accordion/QaOUijKCqZU.wav, /trumpet/I2QXo4mGeRE.wav
/xylophone/5lm9laLSORc.wav, /acoustic_guitar/S2IWw6z-cfc.wav
/erhu/2D2ALfuqDpk.wav, /accordion/t_3Zm1PbydA.wav
/violin/yXKJiqOuvkA.wav, /xylophone/5lm9laLSORc.wav
/erhu/TWrh_c9YRp8.wav, /flute/kbTy_5o6AB4.wav
/tuba/4lVuJEIaXgo.wav, /trumpet/I2QXo4mGeRE.wav
/violin/6uqTP6obYNM.wav, /clarinet/GKwO7cy2JIA.wav
/tuba/VA1EolcDwZI.wav, /flute/kbTy_5o6AB4.wav
/saxophone/5_NsbkyLO2Q.wav, /tuba/4lVuJEIaXgo.wav
/cello/2ARPm0djKIk.wav, /clarinet/WnUAJsk97k4.wav
/cello/-Gdh8N_KpLY.wav, /erhu/0VyVd_QUCl8.wav
/violin/85KcVDCQLfc.wav, /erhu/TWrh_c9YRp8.wav
/violin/K1LRscO7TSw.wav, /xylophone/5lm9laLSORc.wav
/clarinet/GKwO7cy2JIA.wav, /accordion/QaOUijKCqZU.wav
/clarinet/WnUAJsk97k4.wav, /accordion/QaOUijKCqZU.wav
/trumpet/I2QXo4mGeRE.wav, /erhu/TWrh_c9YRp8.wav
/trumpet/eCQO6k5Qrmg.wav, /erhu/0VyVd_QUCl8.wav
/clarinet/EXKxvMVayRk.wav, /flute/kbTy_5o6AB4.wav
/erhu/0VyVd_QUCl8.wav, /violin/K1LRscO7TSw.wav
/acoustic_guitar/Pzf9MQKkoNM.wav, /erhu/2D2ALfuqDpk.wav
/violin/X2hHGcwLPhs.wav, /tuba/4lVuJEIaXgo.wav
/flute/kbTy_5o6AB4.wav, /violin/yXKJiqOuvkA.wav
/flute/3-zT9mN8Lio.wav, /clarinet/EXKxvMVayRk.wav
/acoustic_guitar/S2IWw6z-cfc.wav, /violin/K1LRscO7TSw.wav
/accordion/t_3Zm1PbydA.wav, /trumpet/eCQO6k5Qrmg.wav
/accordion/QaOUijKCqZU.wav, /flute/3-zT9mN8Lio.wav
/xylophone/5lm9laLSORc.wav, /cello/-Gdh8N_KpLY.wav
/erhu/2D2ALfuqDpk.wav, /accordion/t_3Zm1PbydA.wav
/violin/yXKJiqOuvkA.wav, /acoustic_guitar/S2IWw6z-cfc.wav
/erhu/TWrh_c9YRp8.wav, /clarinet/GKwO7cy2JIA.wav
/tuba/4lVuJEIaXgo.wav, /trumpet/I2QXo4mGeRE.wav
/violin/6uqTP6obYNM.wav, /cello/2ARPm0djKIk.wav
/tuba/VA1EolcDwZI.wav, /erhu/0VyVd_QUCl8.wav
/saxophone/5_NsbkyLO2Q.wav, /violin/85KcVDCQLfc.wav
/cello/2ARPm0djKIk.wav, /acoustic_guitar/Pzf9MQKkoNM.wav
/cello/-Gdh8N_KpLY.wav, /violin/6uqTP6obYNM.wav
/violin/85KcVDCQLfc.wav, /tuba/VA1EolcDwZI.wav
/violin/K1LRscO7TSw.wav, /flute/3-zT9mN8Lio.wav
/clarinet/GKwO7cy2JIA.wav, /cello/2ARPm0djKIk.wav
/clarinet/WnUAJsk97k4.wav, /trumpet/I2QXo4mGeRE.wav
/trumpet/I2QXo4mGeRE.wav, /clarinet/EXKxvMVayRk.wav
/trumpet/eCQO6k5Qrmg.wav, /violin/yXKJiqOuvkA.wav
/clarinet/EXKxvMVayRk.wav, /saxophone/5_NsbkyLO2Q.wav
/erhu/0VyVd_QUCl8.wav, /saxophone/5_NsbkyLO2Q.wav
/acoustic_guitar/Pzf9MQKkoNM.wav, /erhu/2D2ALfuqDpk.wav
/violin/X2hHGcwLPhs.wav, /erhu/2D2ALfuqDpk.wav
/flute/kbTy_5o6AB4.wav, /erhu/0VyVd_QUCl8.wav
/flute/3-zT9mN8Lio.wav, /xylophone/5lm9laLSORc.wav
/acoustic_guitar/S2IWw6z-cfc.wav, /erhu/0VyVd_QUCl8.wav
/accordion/t_3Zm1PbydA.wav, /violin/X2hHGcwLPhs.wav
/accordion/QaOUijKCqZU.wav, /flute/kbTy_5o6AB4.wav
/xylophone/5lm9laLSORc.wav, /trumpet/I2QXo4mGeRE.wav
/erhu/2D2ALfuqDpk.wav, /clarinet/WnUAJsk97k4.wav
/violin/yXKJiqOuvkA.wav, /trumpet/I2QXo4mGeRE.wav
/erhu/TWrh_c9YRp8.wav, /trumpet/I2QXo4mGeRE.wav
/tuba/4lVuJEIaXgo.wav, /erhu/0VyVd_QUCl8.wav
/violin/6uqTP6obYNM.wav, /flute/kbTy_5o6AB4.wav
/tuba/VA1EolcDwZI.wav, /xylophone/5lm9laLSORc.wav
/saxophone/5_NsbkyLO2Q.wav, /clarinet/WnUAJsk97k4.wav
/cello/2ARPm0djKIk.wav, /flute/kbTy_5o6AB4.wav
/cello/-Gdh8N_KpLY.wav, /xylophone/5lm9laLSORc.wav
/violin/85KcVDCQLfc.wav, /tuba/4lVuJEIaXgo.wav
/violin/K1LRscO7TSw.wav, /erhu/0VyVd_QUCl8.wav
/clarinet/GKwO7cy2JIA.wav, /erhu/0VyVd_QUCl8.wav
/clarinet/WnUAJsk97k4.wav, /violin/85KcVDCQLfc.wav
/trumpet/I2QXo4mGeRE.wav, /erhu/2D2ALfuqDpk.wav
/trumpet/eCQO6k5Qrmg.wav, /flute/3-zT9mN8Lio.wav
/clarinet/EXKxvMVayRk.wav, /flute/3-zT9mN8Lio.wav
/erhu/0VyVd_QUCl8.wav, /violin/85KcVDCQLfc.wav
/acoustic_guitar/Pzf9MQKkoNM.wav, /erhu/2D2ALfuqDpk.wav
/violin/X2hHGcwLPhs.wav, /cello/-Gdh8N_KpLY.wav
/flute/kbTy_5o6AB4.wav, /violin/X2hHGcwLPhs.wav
/flute/3-zT9mN8Lio.wav, /clarinet/GKwO7cy2JIA.wav
/acoustic_guitar/S2IWw6z-cfc.wav, /violin/X2hHGcwLPhs.wav
/accordion/t_3Zm1PbydA.wav, /cello/-Gdh8N_KpLY.wav
/accordion/QaOUijKCqZU.wav, /cello/2ARPm0djKIk.wav
/xylophone/5lm9laLSORc.wav, /cello/2ARPm0djKIk.wav
/erhu/2D2ALfuqDpk.wav, /violin/yXKJiqOuvkA.wav
/violin/yXKJiqOuvkA.wav, /erhu/2D2ALfuqDpk.wav
/erhu/TWrh_c9YRp8.wav, /acoustic_guitar/Pzf9MQKkoNM.wav
/tuba/4lVuJEIaXgo.wav, /cello/2ARPm0djKIk.wav
/violin/6uqTP6obYNM.wav, /accordion/QaOUijKCqZU.wav
/tuba/VA1EolcDwZI.wav, /flute/kbTy_5o6AB4.wav
/saxophone/5_NsbkyLO2Q.wav, /violin/X2hHGcwLPhs.wav
/cello/2ARPm0djKIk.wav, /violin/85KcVDCQLfc.wav
/cello/-Gdh8N_KpLY.wav, /xylophone/5lm9laLSORc.wav
/violin/85KcVDCQLfc.wav, /accordion/t_3Zm1PbydA.wav
/violin/K1LRscO7TSw.wav, /saxophone/5_NsbkyLO2Q.wav
/clarinet/GKwO7cy2JIA.wav, /cello/-Gdh8N_KpLY.wav
/clarinet/WnUAJsk97k4.wav, /erhu/TWrh_c9YRp8.wav
/trumpet/I2QXo4mGeRE.wav, /erhu/0VyVd_QUCl8.wav
/trumpet/eCQO6k5Qrmg.wav, /clarinet/GKwO7cy2JIA.wav
/clarinet/EXKxvMVayRk.wav, /saxophone/5_NsbkyLO2Q.wav
/erhu/0VyVd_QUCl8.wav, /tuba/VA1EolcDwZI.wav
/acoustic_guitar/Pzf9MQKkoNM.wav, /erhu/2D2ALfuqDpk.wav
/violin/X2hHGcwLPhs.wav, /clarinet/GKwO7cy2JIA.wav
/flute/kbTy_5o6AB4.wav, /tuba/VA1EolcDwZI.wav
/flute/3-zT9mN8Lio.wav, /clarinet/GKwO7cy2JIA.wav
/acoustic_guitar/S2IWw6z-cfc.wav, /tuba/4lVuJEIaXgo.wav
/accordion/t_3Zm1PbydA.wav, /acoustic_guitar/Pzf9MQKkoNM.wav
/accordion/QaOUijKCqZU.wav, /trumpet/eCQO6k5Qrmg.wav
/xylophone/5lm9laLSORc.wav, /violin/X2hHGcwLPhs.wav
/erhu/2D2ALfuqDpk.wav, /trumpet/eCQO6k5Qrmg.wav
/violin/yXKJiqOuvkA.wav, /acoustic_guitar/Pzf9MQKkoNM.wav
/erhu/TWrh_c9YRp8.wav, /trumpet/I2QXo4mGeRE.wav
/tuba/4lVuJEIaXgo.wav, /erhu/TWrh_c9YRp8.wav
/violin/6uqTP6obYNM.wav, /erhu/TWrh_c9YRp8.wav
/tuba/VA1EolcDwZI.wav, /flute/3-zT9mN8Lio.wav
/saxophone/5_NsbkyLO2Q.wav, /clarinet/EXKxvMVayRk.wav
/cello/2ARPm0djKIk.wav, /violin/85KcVDCQLfc.wav
/cello/-Gdh8N_KpLY.wav, /flute/kbTy_5o6AB4.wav
/violin/85KcVDCQLfc.wav, /trumpet/eCQO6k5Qrmg.wav
/violin/K1LRscO7TSw.wav, /cello/-Gdh8N_KpLY.wav
/clarinet/GKwO7cy2JIA.wav, /flute/3-zT9mN8Lio.wav
/clarinet/WnUAJsk97k4.wav, /saxophone/5_NsbkyLO2Q.wav
/trumpet/I2QXo4mGeRE.wav, /cello/2ARPm0djKIk.wav
/trumpet/eCQO6k5Qrmg.wav, /violin/X2hHGcwLPhs.wav
/clarinet/EXKxvMVayRk.wav, /erhu/0VyVd_QUCl8.wav
/erhu/0VyVd_QUCl8.wav, /clarinet/EXKxvMVayRk.wav
/acoustic_guitar/Pzf9MQKkoNM.wav, /clarinet/WnUAJsk97k4.wav
/violin/X2hHGcwLPhs.wav, /clarinet/WnUAJsk97k4.wav